Date,ACS.MC,AENA.MC,ANA.MC,ENG.MC,GRF.MC,MAP.MC,MEL.MC,NTGY.MC,RED.MC,SAB.MC
2025-01-03,-0.006964434808546249,0.0019821406954245724,0.01520567892503033,-0.008361191234331988,-0.006133749909443709,-0.0016141782568527274,-0.026737925494749515,0.004170151818214007,-0.005444679778162764,0.001612428978672975
2025-01-06,-0.00041252167234906434,-0.006923871636537071,-0.005286278924633847,-0.0016863546144142427,0.017024837542872984,0.0048503641228629935,0.004120832319542966,-0.00996681865162985,-0.003649698256237066,0.0413200534828968
2025-01-07,-0.013206715429158189,0.005976139868931973,-0.004428713378417548,0.00591216973342279,0.005440507477858736,0.0032180681711160286,-0.002051993641361216,-0.002516679435227709,-0.001831411668731242,-0.0015459543216578275
2025-01-08,0.008783017139840421,-0.008910905085900422,-0.01779358631089556,0.006717017688044891,-0.019771007234838045,0.0080192134453283,-0.008224785240014909,-0.0016821952084863367,0.004281297384548521,0.02348393806285798
2025-01-09,0.006633430446238764,0.011987996282233349,-0.0018116434096779876,-0.0050041298086943575,-0.0329088216610548,0.013524288764787507,-0.006219795413460516,0.006739766807942971,-0.001827071881805531,0.013111399573576765
2025-01-10,-0.02182860971313716,-0.02369197327690442,-0.036297625837691694,-0.02347027263828283,-0.005707948021599796,-0.02119308462480851,0.003477113646636054,-0.03514654400903494,-0.02501526108883545,0.004479727509301368
2025-01-13,-0.0046316931274881235,-0.011628054017313816,-0.0018832160818806898,0.007725343900922832,-0.030691109996689447,0.007217452232856525,-0.02564103773998261,0.00867313892387811,0.0025032349526710185,0.02130831293484481
2025-01-14,-0.0012689752612868865,0.0025576794621720023,0.00943392082701,0.0,0.02642369986743809,0.00636932042431404,-0.031294512377316286,-0.00171971247953151,-0.001248523393581058,0.013585589599430348
2025-01-15,0.008894449907361324,-0.0010205043094931865,0.04859812587846224,0.0025554293015750407,-0.0026630688008332237,0.028480935168831545,0.0,0.01033586985633872,-0.003124991803289956,0.005744417353154896
2025-01-16,-0.001259302634157411,0.0005107734012037568,-0.015151470394406896,0.005097664461090945,-0.011348531980860277,0.0030769682718307934,-0.005139478449063595,0.0025576222408969507,0.005642731146526581,-0.0019038485300734154
2025-01-17,0.013030649453402487,0.021950022110155842,0.009049734009049182,0.020287323374081234,0.0004502831289541209,0.017637984038433085,0.0007380349290588839,0.008503332433876576,0.012468731613129558,0.0023844431397392896
2025-01-20,0.01244811772589638,-0.0014986426944917364,0.004484320801378505,-0.010770473140338743,-0.00449950227417073,-0.006028536514920857,0.01843654854669663,-0.00590213599139644,-0.015394109659250699,0.01760218834070515
2025-01-21,0.01270007877078494,0.0035017685062308512,-0.004464301441560514,-0.000837486746309235,-0.0002261118894079095,0.0037907349302366278,0.009413467736045122,0.00848178420838841,0.005628553113592005,-0.000935013036794885
2025-01-22,0.041666626456298816,-0.0019938943544599574,-0.030493254055907193,-0.01173513631914136,0.003842808626385752,-0.003021192177081411,0.016499270576412428,-0.01682089719656399,-0.017412926512427984,-0.008422992939361218
2025-01-23,0.014705955015443806,0.016982951351584452,-0.00462536317579898,0.018659869306978605,-0.041432099709568626,0.0030303474390580565,0.004939992653576697,0.013686998089458502,0.006962019472607661,0.03492219182555356
2025-01-24,-0.018357562096397606,-0.004911542580642747,0.005576213222225235,-0.015820158528081163,0.011980225307472336,-0.026435030935854087,-0.007022392761221519,-0.016033827326208616,-0.011942193325500394,0.007751880055100191
2025-01-27,-0.04527551990917322,-0.0009872598621045725,0.001848479119953339,0.009306296379224532,0.003946058219532533,0.02017072729603475,-0.00565771320109687,-0.0008576887475503225,0.008905879832088237,0.0031674388696656397
2025-01-28,-0.01154648371589162,0.005928898123588322,0.004612489377843199,0.00419102596852805,-0.011560638837312731,0.0007604910610268245,0.009957281954252828,0.0034335205994189266,0.014501890796314365,0.019395538966197723
2025-01-29,0.009178230895378947,0.0,-0.01101929372780841,0.005008389152321158,-0.0021052824013580995,0.028875277321357862,0.001408503285445839,0.0008553982631311907,0.006836600788456826,0.007522183379534697
2025-01-30,0.017362562756876088,0.02161088973195313,0.01485611973876444,0.009136247877759018,-0.015471120608789302,0.0,0.010548437629646967,0.0008547565172281057,0.0049382335307919245,0.011857693060367769
2025-01-31,0.001218897787456985,0.0019232584600021863,-0.0036596796139622967,0.005761324195409978,-0.012381039676528593,-0.007385494010796245,0.0027836132142937675,0.01110163085327942,-0.0024570449835884522,-0.011284737903152986
2025-02-03,-0.015422014042166476,-0.01055661631371596,-0.02112025259172534,0.0016365943460852073,-0.017839880236289574,-0.012648924285208474,-0.016655114818262873,0.010135088311693963,0.0030789326826110575,-0.02282707334611289
2025-02-04,0.011129482575263694,0.011639169863687293,0.017823642830397723,0.004902001716940996,-0.0034364049567595645,0.006028818661715674,0.03105150987809746,0.03177263385373741,0.009821900610516687,0.020664971356138873
2025-02-05,-0.0024460670231032378,0.016299074161506777,0.011981565010379835,-0.004878089314744871,0.019458160623547105,0.0149811168990992,-0.017795962444690394,-0.008103746659366529,0.010942134955164162,0.002640778148531142
2025-02-06,0.011442594261855898,-0.0018867737162491238,-0.010018235554667299,-0.010620883283654625,0.021502844710056035,0.014022138657988181,0.019512176935927217,-0.023692815062076877,-0.01743830774882482,0.05794558623711388
2025-02-07,0.0040404080577485235,0.023629451522521938,-0.007359687913282342,0.0008258112768035897,-0.013481597358312558,0.008005826316650477,-0.010252954979946827,0.023430912718043873,0.004895984709151646,-0.01078839670162235
2025-02-10,0.011066389543471722,0.006463559405544217,0.016682054369493216,-0.0008251298752477432,0.013665834638473706,0.0007220547770416808,-0.00414359964563471,0.007358919850794399,0.006090178752305331,-0.009228318361980348
2025-02-11,-0.001989934205077426,0.002752266209399501,-0.0027346976416829927,-0.004954543049470406,0.011116264714154722,0.015151489229354498,-0.01595012468760648,-0.011363528386508226,-0.007263987690022233,0.019051777779001355
2025-02-12,0.0,0.004574520052035513,-0.0036563344268170095,0.0024896063867545504,0.026900579911863787,-0.04335460334755692,0.031007813578569188,0.0024629569591385625,-0.004878072557239488,0.019941764652291694
2025-02-13,0.007976000317190257,0.0027324033018540916,0.017431268976718428,0.01821190894623137,0.030523965156096677,0.019316543600725655,0.0020505245090236546,0.003276045481817924,0.02205896218963943,-0.0012220181110437212
2025-02-14,-0.010880307427142188,0.0,-0.00721375955363468,-0.011382128501814637,0.012599406419338655,-0.020408187398671562,-0.00545703071841519,0.0,-0.012590025457291931,0.011011513309698406
2025-02-17,0.01999994015153317,-0.005449725918694637,-0.0054495961630852685,0.006578921314879027,0.03187087535490618,0.0014880705032482844,0.004115313368920903,0.0032653480530819845,0.003643050460204522,0.0024202696137327617
2025-02-18,0.010784305248198178,0.0027396989081844847,-0.0009132308206754036,-0.007352882139027295,0.0021154351139163197,0.005943530479914472,-0.00819676106748446,-0.004068357800149247,0.0018147320627086572,0.024144993271743465
2025-02-19,-0.006789436129271298,-0.021857897563399065,-0.0036563344268170095,-0.01892999588291966,-0.00042213279411684734,-0.021417987935410387,-0.012396687847995524,-0.0016340078579254458,0.014492825330708836,-0.01768184313996446
2025-02-20,0.011718683912064431,-0.017690797167857708,0.0,0.009228140332964596,0.0008447240153885982,-0.0022641603980280145,-0.011854986473033846,0.043371522584888744,0.0,0.0015999943396181049
2025-02-21,-0.00482627859821283,0.0018957156825574195,0.0,0.009143842121064116,-0.01814730665188824,-0.013615790722309673,0.0,-0.0031372951515140635,0.001785745298857666,0.006389857673501309
2025-02-24,-0.019398585347008224,0.007568514977692731,0.032110133255395024,0.010708368969206239,0.025574843256612967,0.009202588741914708,0.005645735309229627,-0.002360253207694396,0.013665953182690371,0.01746015115284627
2025-02-25,0.011869447527204313,0.01502361926712159,0.012444431974214742,0.029339856238188577,0.009010957127339125,0.022796256595539743,0.0007017805882070238,-0.004732004086903108,0.0,0.00897035323517792
2025-02-26,0.006842529976385681,-0.00462539693466224,0.027216869544191447,0.0007918111044971088,-0.0012460838830766763,0.01560175591960844,0.01683030859351531,0.0023772512058732875,0.010551063499547597,0.02551233978431
2025-02-27,0.006796180860125345,-0.004646890648423163,-0.017094009599888604,0.007911302106731188,0.14316905607622132,-0.013899046942059012,-0.0013793617905916156,-0.005533543996512513,-0.005220392486344205,0.004523165005561491
2025-02-28,0.0009643400725256601,0.0028010926450809936,0.03217386095183428,-0.015698563634036766,-0.03410640051254854,0.006676493508164905,0.014502766699009628,-0.006359298759754384,0.007580190011059473,-0.0026266566311660133
2025-03-03,0.011560704604784533,0.0027934625194514506,-0.0016848993554515745,-0.01515144509340971,0.03578151602534407,0.015475379609684037,-0.0013614550173898232,-0.004800061408676948,-0.01736106533289572,0.019563511757083374
2025-03-04,-0.021904838688508566,0.006499373567762534,-0.021940925797376054,0.005667943512979168,-0.02363635486503779,-0.022496406255434143,-0.04362648577769668,-0.004823045086309041,0.020023550471980345,-0.047232402830728604
2025-03-05,0.07108083262463971,-0.008302500806887103,0.013805039385776263,-0.014492794906988293,0.018156440139311503,-0.0014846637862855339,0.020670002656737907,-0.012116428892134268,-0.01732096979984954,0.04453908360248637
2025-03-06,0.013636359406099752,-0.01395354293394846,0.012765934869567896,0.010620963574577535,-0.025148637873291024,0.0139504603882048,0.006284947223316184,0.013900295891718484,-0.0064630962768155165,0.014831337910695908
2025-03-07,-0.02062773516832861,0.02547174013138198,-0.0008403258251979961,0.02748584272219512,-0.022514035293988766,-0.0022009939110502197,-0.010409421448150824,0.0072580310713119545,0.01300992469878981,-0.0025575593413643682
2025-03-10,-0.020146502976630454,0.0009199540281856766,-0.003364196635697203,0.03776554356920658,-0.03406915018473278,-0.0014705659808030846,-0.03646570272532512,-0.008006340601995676,0.029772500257241763,-0.023443234961180948
2025-03-11,-0.006542117290333493,-0.0027573254718824547,-0.008438781756392788,-0.007581489613618486,-0.06289117478060657,-0.013991135135949406,-0.02692862006379071,-0.0008070706372821368,-0.00736962896272908,-0.015378863120361186
2025-03-12,0.015051755131842537,-0.022119882862587592,0.009361654229615102,-0.025974016223737295,-0.0055131855614789504,0.02091108965259747,-0.014958839401495116,0.0008077225264162546,-0.00799534162412241,0.021714283109468102
2025-03-13,-0.0064875494254900135,-0.0065975822551499474,0.011804439578058101,0.01411768695868676,-0.014925383881107979,0.011704467532680729,-0.008352331964407766,0.006456733817946869,0.006332636814615267,-0.012304182752903237
2025-03-14,0.01679109877392615,0.020872955524595005,0.0016665804101867465,-0.013147712899772901,0.016233845227234367,0.02024580617819116,0.01071970809932754,0.007217372521681531,0.0011441846426822888,0.024537448243253435
2025-03-17,-0.011926562952439657,0.008364325680240814,0.023294552955534842,0.006269567125450015,0.012353519914715339,0.012048187445755199,0.025000049740564245,0.003980817910118839,0.008000024666409589,0.007000736389941142
2025-03-18,0.013927571306224351,0.009216497790393907,0.024390265809725253,0.0,0.012833992617599543,0.020308165761143693,-0.0029564316173046334,0.0007929901888703572,0.003968209461461258,0.02451521800294154
2025-03-19,0.003663007096981641,-0.003652931877579424,0.005555549988488728,-0.0015576452744742175,-0.002492685490313673,-0.0054907367947767405,0.017049726391747733,-0.0031694474147776486,0.0005646625509341252,-0.00499993589706671
2025-03-20,-0.014598553781817958,0.0,-0.005524856372730813,0.014040524548974531,-0.021241175086563868,-0.012422344208293357,-0.010932997830699231,0.005564334486203304,0.0028217194353763464,-0.015793288571303465
2025-03-21,0.005555524364224906,-0.0027497435339950416,-0.009523817874409812,-0.0030768730666069777,-0.021276595744680882,-0.0013976028417865827,-0.014738370484379537,-0.003952496014949403,0.008441114292764063,0.013858495578822794
2025-03-24,-0.002762415515412453,-0.0055147467341235545,-0.0264422994843454,-0.004629667895850731,-0.001521729691725482,0.0013995588692394811,0.0037397098503737514,-0.0063492874596347,-0.005580342705017061,-0.007194312594875352
2025-03-25,0.015697098169505708,0.011090559303587488,0.004938275934879055,0.0031007247594636578,-0.007184876897603609,0.009084505636565154,0.012667698177817543,0.022364254326720623,0.0033670618942100994,0.016666749920147383
2025-03-26,0.006363696433381971,0.0,0.0,0.0061825078129111866,-0.02149120101833557,0.0006925966873354561,0.003679169913189506,-0.0015625200316538024,0.008389295313276701,-0.006563268169734626
2025-03-27,0.0036133017364463615,0.001828230717362711,-0.00900902764106748,0.00844849699495609,-0.030703807681271345,-0.005536334390212061,-0.011730286211110608,0.0023474070892315346,0.012201875049323574,-0.006756775672285498
2025-03-28,-0.018001747482350283,0.002737198947340813,0.015702482464970968,0.012185785057110543,-0.00832355288169917,-0.004871359175265488,-0.027448014795497522,0.006245201255567823,0.016438202559706072,-0.021919899088661876
2025-03-31,-0.03299720960742725,-0.014558734415614616,-0.017087045725143635,0.0022573181483838134,-0.04429944637783534,-0.006293611321155912,-0.03279935253950772,-0.002327536925241347,0.0005392006987954279,-0.0027046762841472782
2025-04-01,0.011374268698110868,0.010156966932935774,0.0016556088059784813,-0.0007506463386660611,-0.007562823846545497,0.017593152585994254,0.02365919080515222,0.009331380307918469,0.002155102100586559,0.01975972447805807
2025-04-02,0.0065605121113967435,0.017367477327405068,0.0033058098095988253,-0.003756641849557263,0.030235987588401292,0.006915611187226611,0.01926044639937885,0.003852089180812923,-0.0010751800902476516,-0.0007598595435761579
2025-04-03,-0.024208480087611117,0.004492412031791071,0.024711718287516504,0.030165940577357997,-0.0016702354375843775,0.0,-0.0347694385554862,0.006907025207894657,0.03659848142535593,-0.015589391421359067
2025-04-04,-0.05458016431577395,-0.03398930040009074,-0.0771704198421711,-0.025622214941446564,-0.03011465154398396,-0.057005406012955784,-0.039154205780819185,-0.03734744548412183,-0.023883799356619884,-0.10969482868662772
2025-04-07,-0.06257579334139252,-0.045370305411628564,-0.07142858615850622,-0.05709995193997053,-0.036964078753575214,-0.05753827296786884,-0.027709942599349557,-0.03568523216346653,-0.04787221829385435,-0.05466381754367644
2025-04-08,0.0409130900471546,0.002909767194363866,0.01969979238285058,0.015139371535817014,0.026356240439187495,0.03245748689893291,0.027661412459665913,0.0042051451753424285,0.01955307605611467,0.0357962612568159
2025-04-09,-0.01985934834986003,-0.03288198587104607,-0.0321987525910854,-0.02237046089248107,-0.07878341148399826,-0.023952106989588384,-0.035073447901926014,-0.013400456971273123,-0.02301376829225832,-0.019494861112579698
2025-04-10,0.0405233832314329,0.034999962480833924,0.058935390736868376,0.024086754387902864,0.06630586566878027,0.051380452455758396,0.034657628217930725,0.029711411095831197,0.02131231676566747,0.06190677750001283
2025-04-11,-0.01744419654890539,0.002898521829388656,0.0071813113768641745,0.0027440253651682678,-0.006345208120181578,-0.0014588580203164225,-0.00980389040419205,0.00329763953916995,0.01757284936279957,0.0029788083476027793
2025-04-14,0.03943024109580007,0.021194595143291917,0.005347668804918326,0.00860042489997781,0.04342274566786686,0.01680060360227964,0.01815185054189339,0.009038639466847576,0.007555339043345599,0.02672891431821145
2025-04-15,0.019860914013066777,0.014150999513214302,0.029255238771103587,0.016279090673477548,0.017870196703368535,0.02370689597236808,0.0121554930085499,0.013843670876557024,0.021960423903905513,0.029338781339974584
2025-04-16,0.002921113301792788,0.008372009421867554,-0.0017226318094729631,0.014874171381195067,-0.01226546999167999,0.010526331453088345,0.0024020113252696262,0.015261039897714879,0.0005240133325414842,0.00521880790747109
2025-04-17,-0.001941634895420763,0.005535096681759111,0.0017256043904865237,0.009019166310088034,-0.01777453030131637,0.011111029303171094,-0.017571918741587922,0.0047467576537227885,0.005762279284834193,-0.010383327426213174
2025-04-22,0.007782031717817439,0.018056147569276204,0.024117185182647605,-0.0026070795672425984,0.035200788810514805,0.0041209883244375245,0.0,0.007874048012875834,0.005729057485630573,0.010492272123112212
2025-04-23,0.019305038381281836,-0.0018868284254975887,0.017661883006343748,-0.011949314496815466,0.0050287045107584305,-0.0013680535980108433,0.013008141139873475,0.0015624744653008893,-0.011910823595744247,0.033546287499044425
2025-04-24,0.0037878824599826277,0.017958472842905193,0.012396672655372143,0.006046988004968723,0.006433225457724179,0.0034246911810400515,-0.004815432867476099,0.01014039934558042,-0.002096472289456419,-0.007727879807363447
2025-04-25,0.014150938490246512,0.002785475925470182,0.013877574421566452,0.0018782470885065905,0.007812533013819456,0.08054596123330926,0.017741970404058227,0.0015444551491439196,0.00525198187846887,0.01947040460745697
2025-04-28,0.0111628015324432,0.00277773860146846,0.01932368868638612,0.005624251368034683,-0.0035236023448222964,-0.003790135797505978,0.0015847680978882117,0.008481050142524316,0.007314652097225149,0.014896829572639048
2025-04-29,0.0073597126763533804,-0.004616801521014735,0.0007898797160048598,0.00969430200966892,-0.01461586707327267,-0.000634184874303223,-0.0055380274679698305,0.005351672712694544,-0.004149345766202739,-0.015054479545750565
2025-04-30,0.006392682176447506,0.026901629922989834,0.013417481640853435,0.016986737737064717,-0.007894655446139653,-0.00571065271714255,0.013524305305672835,-0.0022813316458721866,-0.03645844283963573,-0.020252404616826314
2025-05-02,0.028130680779181905,0.030713689212977124,-0.006230514852547553,-0.01307193180939037,0.028213190212596384,0.00701975645772146,0.010989039515541421,-0.009908452528074374,-0.03783784776432797,-0.013260493438737586
2025-05-05,0.010591360519111248,0.007011352985736297,0.015674036637729705,0.0,0.0021106002024275927,0.019645219036540595,0.0023291284010478197,0.006928292720210338,0.0016854225878286666,0.005533656337115778
2025-05-06,-0.018340577116111367,0.014795497702028593,-0.02083338153775227,0.007726206738456254,-0.022934565361535486,0.018023575863001184,-0.007745846134140533,0.0007646695518990221,0.002243448957557348,-0.011399332427419195
2025-05-07,-0.009786468266595794,-0.011149270601044425,-0.014184409953009625,0.00036511773647673884,-0.021556965244638127,0.010378505404146976,0.010148244386448457,0.0015278587503939622,-0.008953596810017617,0.015109363705402501
2025-05-08,0.008984698694524118,-0.006071062506308511,-0.019984020555021353,-0.02408754060793017,-0.0014687622598602568,0.00604227990608619,-0.006182385676980817,-0.016018432736397914,-0.01185768788514463,0.03642765347140675
2025-05-09,0.0026713306789023505,-0.0008726170258049892,0.0269168596263325,-0.003739783458907908,-0.0034321923797050458,0.004204290412403333,-0.022550554910447662,-0.0007750229667196074,0.008571348960265235,-0.007558579413233901
2025-05-12,-0.0035524014709509277,-0.013100426429870304,0.010325591109174415,-0.015765712756553474,0.03222632410250048,-0.016746455030307472,0.031821903940760565,-0.014740261714156211,-0.00453254371140277,0.020944403322166627
2025-05-13,0.0204991822351277,0.007964665935371151,0.020440311952722112,-0.004958032139502522,0.06458522725900906,-0.007299311054777213,0.03315331679411071,0.003937024006438028,0.007968152413449836,0.006713931637642334
2025-05-14,0.013973812341149916,0.004389724462913636,0.007704187225331394,0.002299713044388918,-0.03514656823093232,0.03615194870169858,-0.008208899156324168,0.007843169267184535,0.01185768788514463,0.014449759910590387
2025-05-15,0.0051678617345514155,0.020979074531426445,0.0015290331688706527,0.015296343543423019,-0.001856152906793862,0.02661143891340778,-0.003009747756320902,0.008560330070039424,0.014508957944965317,-0.010956812850115072
2025-05-16,0.011139770190829346,0.007705541334649846,0.02977086747382196,0.012806021736671225,0.04602507410439727,0.005184397274209163,-0.005282995653223099,0.010030936127274348,0.012651265005583001,0.008493279431821765
2025-05-19,0.010169434291182444,0.006796901564273705,-0.018532137612420563,0.003346942140858733,0.017777713454721678,-0.00515765792651357,0.004552300309088153,0.0015278587503939622,-0.0005431924868359861,0.014280447708479693
2025-05-20,0.02348995616340077,0.023628638527549706,0.02492440368402926,0.012601996046372577,0.0229258341071763,0.004608297248644533,0.012084528887849277,0.010678773547127207,0.013586975410548208,0.019855687195476257
2025-05-21,-0.015573769433647078,0.0016487540740779405,-0.0007367943711003022,0.010980949260619877,0.016648893732682746,-0.0011467001634045682,0.0022388896651972523,0.0,0.0005362023373021163,-0.013805362533543919
2025-05-22,0.0041632177541102156,-0.00987648676412134,-0.005162410981174648,0.0018103152029258496,-0.019315552998658947,0.0034443361960831975,-0.014147451833391944,-0.0015094863295261884,-0.007502595503497744,0.012921787999121692
2025-05-23,-0.009121053671516943,-0.009975087521383763,-0.0014824446543075798,0.015540264850307794,-0.0038535995710143878,-0.006292953246730404,-0.009818730230004902,-0.004535073588124772,0.0026997227224305753,-0.022324522407372926
2025-05-26,0.012552230670039188,0.004198233172837851,0.023014056620873635,0.021352350256801378,0.01805286102819026,0.006908430000847288,0.03203662176151045,-0.005315100685986618,-0.004846610627955439,0.013773033370534149
2025-05-27,-0.01900820228626887,0.000836136339251059,-0.015965085788012146,-0.003135931501777711,0.0,0.003291412140041805,0.005173665464769384,-0.009923657581547563,-0.008657943118323796,0.0028602251917393406
2025-05-28,-0.010952006720181706,-0.008354294823961772,-0.0007375704195270449,-0.007689648453977349,-0.0025332041304854114,-0.018746387659965613,0.0007352500472406209,-0.0038550657047136117,-0.010917001748304234,-0.01176472360751768
2025-05-29,-0.0017035456313716502,-0.009266985412541118,0.020664303348073565,-0.0031701047950560834,0.004656070243225896,0.00955226427919098,0.0,0.0,0.0,0.006132738306575458
2025-05-30,-0.01279869724498306,0.007653037685303898,0.026753333068577634,0.0010600621063183713,-0.0025278676216072826,-0.013601378966512812,-0.007347455867022679,0.006965988345897234,0.004415087485059921,0.00573685909237609
2025-06-02,0.006914508884467763,0.008438811475802277,0.005633845083431233,0.0017648761478494812,0.016261777842983882,0.018585139308525456,-0.004441176337178665,0.0023059591565779414,0.0016481604563811647,0.0
2025-06-03,-0.003433479586022248,-0.007531441125813942,0.04831928756214543,-0.0017617668475621295,0.0037406826304682284,-0.007062978684869159,0.005204510542053731,-0.0038343710703389045,-0.01261645713782078,-0.008199661218925902
2025-06-04,-0.005167997389989409,0.012647628979827408,0.0066800504538271355,-0.004941694841688382,0.04347829126798519,-0.01007712646572545,0.005177491910798304,-0.003849130063299566,0.007777690438727669,-0.005391804553585788
2025-06-05,0.016450215387669775,-0.0008326553416145854,-0.006635723486142164,-0.00461161983730729,0.020833299432913677,0.006586857498755316,0.004414960950825275,0.006955063664854988,-0.008820219854407174,0.01554022475471517
2025-06-06,-0.01959114368233894,0.010833291161188585,-0.004007967015241198,-0.00035639965738565316,0.0009718782595193876,0.007138608701426685,0.017582432774193357,0.009209523111437745,-0.0061179037185135066,0.0007118146097162548
2025-06-09,-0.003475242310833959,-0.012366024881749982,-0.00134147100504578,0.003921583741036017,0.006796074033086352,-0.0005906376514337452,0.03023758916106245,-0.003041697931515097,-0.003917247530835666,0.00035556573983530626
2025-06-10,-0.006102797221809508,-0.004173619374954307,-0.0006714774910887567,0.005681795576668813,0.013982635194021986,-0.010638262778751906,0.011181001718240324,0.0007626861465170887,0.0005619198009647608,-0.009953715998297197
2025-06-11,-0.006140408199129088,0.0016764779709625977,-0.0026882450347281983,-0.0010592441014219967,-0.0047551346957831475,0.0017920966392679372,-0.016586121102561302,0.0,0.0016843638387471493,0.007181328545780907
2025-06-12,0.009708729766529256,-0.017573223779039915,0.0,0.010604437145898649,0.006689014088870238,-0.008944598579465612,-0.019676723094914306,0.006859799608175843,0.00224219139706916,0.012121176670882639
2025-06-13,-0.014860171389756038,-0.018739370987156834,-0.02156329129203738,-0.0027982043148390146,-0.03227338281171366,-0.004211799565649543,-0.04157701109768541,0.003027959498260957,-0.00838929531327659,-0.02148638710084738
2025-06-16,0.0035492493192701424,0.012152750622017594,0.018595030317984262,-0.004209084350248915,0.0426679524968403,0.001208471574157599,0.0314136209453435,0.0037736003077963876,-0.001128051165371069,0.02159827175167517
2025-06-17,-0.010610020475869009,-0.008576237213596793,-0.00946584585584187,0.004931389513792572,-0.011759138170281958,-0.009655957011212468,-0.015953620555026915,-0.0007517906911602701,0.022021500959723328,-0.024312948537154266
2025-06-18,0.002680879680402759,0.0,-0.005460791519047881,0.007711141489928686,-0.012375100456935573,0.005484405542553361,0.004421539817512921,0.0030097323380537944,0.00773483029801092,0.013001119801727024
2025-06-19,-0.020499041864381784,-0.016436040616962133,-0.003431666985316273,-0.0062608872809212235,-0.02698787772320188,-0.00666662450464528,-0.016874600356253877,0.004501128095180995,0.002192910855516761,-0.02067737957899718
2025-06-20,0.0,0.0015391017925221462,0.011707953871664012,0.004200244902491379,0.02327873233314337,0.0122025386889133,0.007462747781018075,0.019417462410691977,0.002735277304315442,-0.011284984129529496
2025-06-23,0.020018181540684576,-0.011855112438011073,0.013614644566250389,0.010805162340852048,-0.0193609918130071,-0.0060277159078849785,-0.009629628775677967,0.004395607188609318,0.011456718053617143,-0.011045746501129217
2025-06-24,0.013380905264629428,0.011553032313773803,0.011417131251007628,-0.014137929328381982,-0.01855875658521544,0.035172822559371264,0.04038891003568956,-0.0021881479783447677,-0.002696918140450144,0.004467591566376328
2025-06-25,0.013204220836522618,-0.006149821275246992,-0.001328004964927687,-0.007695027491522066,0.0,-0.004686561373581699,0.0014378682124764897,-0.027046787333421807,-0.009194209918553797,-0.021497333357658466
2025-06-26,0.006081725356721135,-0.008397818605322849,0.0006648854536472903,0.007402194857954125,0.030979683405962133,0.004120005433445151,-0.007896710953690822,-0.0045079681760538115,0.009825279756487504,0.0026514963185275686
2025-06-27,0.01899825632386065,0.0028972920356951093,0.02392028689369119,-0.0031490985731124077,0.007804802560070101,0.009378688471538332,0.017366222002812348,0.012075505582812118,-0.016756724116121502,0.019267038836674688
2025-06-30,-0.0008474751027911509,0.007111158543022578,-0.008436079204448665,0.003159046722639003,0.001936229944538681,0.007549403109616382,0.01137981010404543,0.0067114517826984965,-0.0021989387524969928,0.0018532247474287722
2025-07-01,-0.009461112656236947,0.003971700328132544,0.008507852118782466,-0.045486352794359086,0.0062800739398138905,0.0034582484460121687,0.00914205224324971,0.00814809008801598,0.007162438038855079,-0.0003699041495759392
2025-07-02,0.0008795588342189742,-0.004835213538562866,0.014925292116999112,-0.006598259115557004,0.017762891554657045,-0.007467013876063189,0.009756054575827955,-0.002204225545354599,-0.003829388226041508,0.0521835134852906
2025-07-03,-0.0008787858903258616,0.0026503154329162726,0.022378546110473296,0.007380062560162326,-0.0004716821841488361,0.019097241117950414,0.010352017602927699,0.0029453847123721566,0.0010983168031606372,0.014421421845323357
2025-07-04,-0.00615657468879971,-0.007929578633467771,0.006879314068319209,0.0007326428232321547,-0.0037753292519308035,0.0005678304906437948,0.0027322093947952375,0.01027913403367764,0.007941125173246188,-0.004507559490941393
2025-07-07,0.0017698792016396236,0.007548857013166765,-0.011180085255637073,-0.015739425356869563,-0.006158284803098324,0.01248580110354558,0.019259611667018506,-0.009447667897587997,-0.0016882785095077013,0.021246899592471502
2025-07-08,-0.0044169483868717885,0.008153329703352252,-0.012448057090308828,-0.000743740555225858,0.029551968446505317,0.0,0.009543308970324293,0.002934579882836852,-0.005073291898399113,0.014665689581451646
2025-07-09,0.0062112029412242364,0.02448090736423958,0.017763137817382812,-0.0026051391332583274,0.05185179824930519,0.013452916018202421,0.015530015916250806,-0.0007314423469811926,0.0011332078179842053,0.02420174954379606
2025-07-10,-0.010582020240372692,-0.0059739996689890384,-0.0038784153623953044,-0.013059644708489304,0.019366223650088443,-0.025442468967442622,0.022606393181533013,-0.00805265160227231,-0.013016427843848377,-0.01312774835842978
2025-07-11,0.006238882018144265,0.0036488146267124044,0.0032446462050372826,0.0071832567584959595,0.0034542815118618897,-0.014188463558030828,-0.0071521232677991264,0.0007379952644801513,-0.0005733711118479645,-0.026272001462968153
2025-07-14,0.004428684970666508,0.005132690306394405,0.004527793794351309,0.009009010338393741,0.002581668344629362,0.0051814351025847305,0.01178777643126705,0.002212353087338803,0.001721100164658873,0.00751372963478536
2025-07-15,-0.017636632792086493,-0.023404235489487557,0.009658724858492729,-0.007812437160704344,-0.0012875102478643319,-0.01202750920062412,-0.028478937593218623,-0.0066224832408774414,0.015463951760050554,-0.01661022005330892
2025-07-16,0.004488316996747788,0.018736263078434234,-0.005739854194877547,0.001874725890061768,0.0434035516112925,0.0,-0.01265826323520125,0.0,0.002820072998588552,-0.004825888066750106
2025-07-17,0.03842708078115664,0.009623687872475584,0.021167435413429025,-0.004490981734697974,0.007413497080546616,-0.002318864149070232,0.012820549120792002,0.0,-0.003374658020486865,0.0024246450992255753
2025-07-18,0.012048237287316965,-0.007413677413259934,0.008165848471595405,0.006766936349537067,-0.017579680646281015,0.0023242537778289662,0.009993312208060434,0.001481457182448409,0.007336480925705935,0.0
2025-07-21,0.004251688262377984,0.007682434992738019,0.02305294048749018,0.0063480182800850216,-0.014565116331173633,-0.000579751207809176,0.009234851235612185,0.009615378084089743,-0.0022410214328396627,-0.002073203541428481
2025-07-22,0.00762071619541449,-0.004023732372083533,0.02618759519900138,0.0063079751385948235,-0.006756772724461291,-0.0058004528511386155,-0.0052287531182189095,0.008791214377218415,0.011229731872178572,0.008656509546262514
2025-07-23,0.006722694922782324,-0.0019136875355784122,-0.018991079811526368,-0.021386426188865215,0.011054458326045014,-0.0005834011230666514,0.013797636955493076,-0.009440806958462056,-0.031649080982285804,0.008582217498558142
2025-07-24,0.02086811555248369,0.0055390494844489435,0.024803331936072537,0.005275063048141959,0.026072258914943802,0.015177991982459282,-0.007129008955020222,0.0036656290941430303,-0.0034404483066159397,0.005786232128395685
2025-07-25,-0.012264948566253708,-0.00296611606602748,0.01711929905408116,-0.007871147829988323,0.009016405305481756,-0.015526148733915335,0.003916476554302495,0.004382838669543698,-0.005178266382201313,0.0
2025-07-28,0.006622522440644429,0.004674845403727312,0.0034822451195566373,-0.005666747010246054,0.01056047666989457,0.006425263783387258,-0.0032509876698840756,-0.008178418743558957,-0.005205332179176181,0.027072758037224975
2025-07-29,0.021381566296007515,0.007191212505252453,-0.03181029609111996,-0.0034194999016865513,-0.003215403159373853,0.01915265958495649,0.0013046613087546177,0.0029984253665260585,-0.008139539979300281,0.0237232126131508
2025-07-30,-0.016103073994817918,0.0035699759097078676,0.005973715868940577,0.008768565019992014,0.08991935289345587,0.009111571665611606,0.004560240591832354,0.013452950592122148,0.010551019326164868,-0.00032188588805215357
2025-07-31,-0.011456607530398899,-0.012555000464543276,-0.0011876303770244068,-0.008692345622227315,-0.02922679759918656,0.007900689334802147,0.011673171484123834,0.013274297524840328,-0.016821331922325822,0.043464264804575325
2025-08-01,-0.029801350982899932,-0.0031785526889389626,-0.02021399499508081,0.006481126307665841,-0.014862744426084706,-0.022956323145688406,-0.03974364256874374,-0.006550235787857517,-0.022418990117542337,-0.03733411182085544
2025-08-04,0.013651889635908354,0.02699824214542068,0.009708682130449064,0.006439466247672998,0.00038683411363282794,0.023495697981075425,0.02536716462303623,0.02197798340766899,0.0006035923718521463,0.02083333333333326
2025-08-05,0.0,0.0018629833104688576,0.007812518626452158,-0.0037637113072604977,0.0038669199293639434,0.013437783070498144,0.02343754026029976,-0.07168458396682298,0.0018094516719155962,-0.00784929356357933
2025-08-06,0.0075757482865685954,0.004958690061343418,0.01431132497882004,0.0030223145752608094,-0.013097002094562882,0.009944786344565415,0.010178107168846262,0.022393917443755296,0.0012039283879612395,0.019936724594647792
2025-08-07,0.025062647491576717,0.009046061451455145,0.0005878356327966294,-0.006403010868335612,0.0027322233564537335,0.012035067587068182,0.01637275020993756,0.001510536096701376,-0.009621123867945891,0.01427244763529667
2025-08-08,0.014669971412866412,-0.0024450343935649155,0.00940074108228206,-0.004548863964961014,0.008563579320315817,0.003783723867978539,-0.003717439170466408,-0.011312197098893861,-0.01032184629646471,0.0134596665520903
2025-08-11,0.01365455348020106,0.009395401080696919,-0.004656595096315552,0.0038080671864095805,-0.0152284033346205,0.004308067747456068,-0.007462679485599422,0.007627725981098843,0.0018405345150316332,0.0069423637487953105
2025-08-12,0.015055557627848382,0.007689220941213604,0.0005848310147111846,-0.009104704889153048,-0.01704989728526507,0.013941030592818926,0.0150376393620828,0.009084026394111877,-0.009185469980067418,0.009892101677028142
2025-08-13,0.0031225033125574786,0.00923692441242796,0.0075978243518135535,0.004594143482929969,0.021782936193458502,0.008461089396540888,0.0018517764125975944,0.008252043523790054,0.0043263314955725996,0.014544419888255389
2025-08-14,0.01867700013143958,0.011142116014822845,0.006380546069949977,0.009527462061273528,-0.008685326254130654,0.011012077844898105,0.010474435064002474,0.002976190255162159,0.012307665959451208,0.005851302256770774
2025-08-15,0.0007639865949755631,0.009051531316307981,0.005187284705961748,0.000755045247065933,-0.004779005827022065,0.0005187089546838664,-0.002438963970067154,0.004451075268657956,0.0,0.0020360531372414226
2025-08-18,0.0022900930446134726,0.0027300448753651008,0.0028669725774002064,-0.0026405162582222585,0.006402554977092301,0.003628765735302908,-0.0012225218225857537,0.0,0.0018236338577446443,-0.005805443497175933
2025-08-19,0.0007615423117859343,-0.0031116119139444898,0.0028587765434453516,-0.001134709594927119,-0.016699804479698432,-0.006714850619988333,0.0024479196943199,0.000738570784811321,-0.004854288662533457,0.0008758543426719001
2025-08-20,-0.0022830051134227203,0.0003902140863789594,0.011972669193791363,0.012495315047605704,-0.006065492167684372,0.005200197902063941,-0.0061049132627925,0.007380036018070246,0.014634138868351076,-0.0075846268805651595
2025-08-21,0.0061021003543573205,-0.008190289936419015,-0.0033803160761444184,0.008975245085626193,0.007323039289442113,-0.005690600205628726,-0.0061425293152326255,0.005128186378728028,0.0018029272625761372,0.005584994363123652
2025-08-22,0.009097868348288074,0.0027525893804669632,0.009610018460634029,0.001853331133231162,0.001211659384821484,-0.0036421081259964128,0.005562432069862178,-0.003644332791152727,0.0023994221723953046,0.0
2025-08-25,-0.019534173744495398,-0.005490144942699837,-0.028555464329377944,-0.0070292664925111215,-0.012505097290934186,-0.005744089062748814,-0.0006146422003979746,-0.0007314740933459518,-0.004189053430527001,-0.002923122021632474
2025-08-26,-0.004597734643384199,-0.009069455893101042,0.004610968598027787,-0.0089418785582972,-0.011846364934703701,-0.004726907089984689,-0.00615008487466695,0.002928257365727216,-0.0018028111170332872,-0.005863310547968181
2025-08-27,-0.010007633756288548,0.0007958767483637885,0.001147429401838762,0.0146616092169074,0.004960683308618208,-0.00633245446785502,-0.00680696852662277,-0.004379525137135243,0.008428545913514274,-0.016260237700042923
2025-08-28,0.009331267786501396,-0.003976139993315031,-0.006876773342362141,-0.007410067913545926,0.0016454511067918176,0.0,0.001869201749009175,-0.004398862923973179,-0.005970136854385633,-0.0012243236876637864
2025-08-29,-0.005392872491660428,-0.012375207870967353,-0.02365843064810058,-0.005972500306310247,-0.008624270576237825,-0.005841704907908474,-0.013059703926825206,-0.0022091124565836173,-0.002402304522277854,-0.005516471368428699
2025-09-01,0.0030983164974367483,0.0,-0.008865248386847435,-0.005632699846810363,0.007456516558694171,0.012820513651506493,0.006931295366759294,-0.014022193660772508,-0.0012041610985802365,0.0018490488858664555
2025-09-02,-0.017760648070800356,-0.02142284354309565,-0.020274263317570207,-0.009818701404739394,-0.026726958334156836,-0.006329178326125673,-0.021902342792334606,0.005239576599297191,-0.02169986635626031,-0.01845583792071348
2025-09-03,0.007861612191043976,0.008674144107690962,0.004869160297616082,0.0007627453435052889,0.007182090230080096,0.001592405196502833,0.00959690450620565,-0.013402864903435341,0.02895884894800327,0.007521128926968101
2025-09-04,0.012480570592313445,-0.004914098668937217,0.0006056380437919895,0.0026676863809345086,0.030201313286331244,-0.00052991495639787,0.010773135562147207,-0.0075472067658793884,-0.0023953431880562315,0.01026440008381524
2025-09-05,0.0,0.004526794795435496,0.015133172192389743,0.003040694218385376,0.0016287018077021376,-0.0005302602514998256,-0.003761722047641025,0.009125550668985127,0.0012005473168654746,-0.008928552019793146
2025-09-08,0.019260343279234204,0.0028676912495653184,0.010137131658785048,0.000378878693350293,0.008943061379796058,0.005305029543158035,0.0031465850207836876,-0.005275112236790669,-0.003597091459859536,0.008076959642732362
2025-09-09,-0.003023492304564779,-0.002042482032103665,-0.015938589406869097,0.0,-0.013698636453198354,0.004749356858592346,0.003136774909103357,-0.007575719195015429,-0.0072202707610257155,0.017565551765340803
2025-09-10,0.03260050116164637,0.0,0.015596917523177156,0.00037880965023529,-0.00653594160147164,0.011554612209189408,-0.013133210828825903,-0.0007633015466266269,-0.009696925826078284,0.018776493821684337
2025-09-11,0.01395010045094569,0.008595949072404352,-0.0011813168614122072,-0.0018931821923284797,0.0053454387231304246,0.009865074374564076,0.0069708879729397655,0.0038197281095357916,0.005507967735193686,-0.0017835671255663765
2025-09-12,-0.005068864699552145,0.009334473139551713,-0.013601436834661307,0.010242709115173776,-0.014314943580707173,0.004627202689032828,0.0006292809937993304,0.009132342395994142,0.010955592420813565,0.007147088187079875
2025-09-15,0.01310053317239368,-0.012866913425880422,0.010791385004946807,0.0015021517038888987,-0.0033194988564217986,-0.012794243220839552,-0.02830187547556262,-0.004524924003738384,0.004816295328392561,-0.010644590703443813
2025-09-16,-0.01580463916764907,0.004480615656023312,-0.014234929231259352,-0.01199852574822291,0.009991663886109281,-0.01451531455006172,-0.004530724640025019,-0.02424242240931418,-0.008987398674210167,-0.025403466891299464
2025-09-17,-0.007299248831903027,-0.01013786724335275,0.019855614394418408,-0.005313099773163077,-0.00659521211469849,-0.00210417712925548,0.0013003578634942503,-0.006987518977420559,-0.010882732180863997,-0.023612396805093083
2025-09-18,0.01617640061866621,-0.047931154528565445,-0.007669634523644886,-0.00038148069101773263,-0.012033232818963846,0.006325778116697878,-0.015584401107996193,0.003909323119907437,0.0036674503240339273,0.012248809520532422
2025-09-19,-0.007235869301223108,0.0030120629019692036,-0.01189060663666619,0.0030533852921219573,0.011339792684576855,0.002095359248980966,-0.002638519937706696,0.006230450890491346,-0.013398219926568311,0.035991232285145225
2025-09-22,-0.005830909329264888,-0.00042905132762471876,0.01624546930095927,-0.004566173162162457,-0.010797351731960503,0.014114005676453711,-0.007936500427734305,0.007739976109811364,0.004938308720527695,-0.039233314586845536
2025-09-23,-0.005864995827097985,0.0,0.011841326656445883,-0.0045871187406476555,0.028127627408808475,-0.0025774395203306266,-0.007999992370605447,0.0015361364642367814,0.003071127648743621,0.015586004205517145
2025-09-24,-0.014749218505818451,-0.0034334566634088848,0.007606805723733512,0.0,0.0,0.013436704853453607,-0.0033602278461233315,0.013803640596635747,-0.0006123449402720693,0.01043591067616112
2025-09-25,-0.017215654426249727,0.00043062858224751643,-0.018583025580447665,0.010368579069822248,-0.021233175280668037,-0.0066292458532098975,-0.004045817009511454,0.012102873062001862,0.006127438209293956,-0.008809215412288629
2025-09-26,0.016755565822083707,-0.012053267305754622,0.0053254076715052445,0.004941146781441308,0.004589095265024712,0.020533903798102937,0.008801567822448453,0.002989536287301142,-0.0036540492798186053,0.022678461959970253
2025-09-29,-0.0014980998952260904,-0.00610033403265442,-0.003531435351858403,-0.0015129461265694921,0.021594703463921006,0.01358153581541921,-0.004026809897885175,-0.01043222678429212,-0.0018337842286996198,-0.013185490466684269
2025-09-30,0.020254979714882104,0.02016663083423742,0.009450625019997272,0.008333440047267882,0.00203248927988664,0.0,-0.0020215453276770656,-0.003765078748049322,0.006736149394176216,0.0021257421743565708
2025-10-01,-0.002941122749876457,-0.011602930196573435,0.019309556287969487,0.0003755312796660526,0.00851931014487417,0.009429165311269916,-0.012829205177195657,-0.0015116779897285104,-0.0048662166605555335,-0.0021212329799494833
2025-10-02,0.03318585471784563,-0.00782606354535409,-0.002870264114577248,-0.0003753903088630217,0.014481041599533562,-0.009341086660956899,0.01162791228622817,0.0030280087980372183,-0.006723678616289752,-0.0030366794771614636
2025-10-03,-0.0035688686692885163,0.0008764409360826342,0.010362712051711576,0.01164530915579376,-0.006740685207074049,0.0034739505495875456,0.01487493357648706,0.014339602458635081,-0.007384670935490334,0.011270152313505921
2025-10-06,0.010744953335176444,-0.006567420187529205,0.01652418174634973,-0.005198596881717754,-0.033532941244371006,0.006923847993632215,0.01665556270405366,0.0022321983905031484,0.007439610007282438,-0.003915659182772924
2025-10-07,-0.002126167069024576,0.002644299430449859,0.0016816315135743665,-0.0026129918114272677,0.007848019051742705,-0.001964656446750257,-0.011795563727129199,-0.04083152763733755,-0.0024616164450131928,-0.009676412650895805
2025-10-08,0.009943108803324607,-0.011868140023835183,0.012870750369536887,0.001497018431547481,0.010245901799528667,0.020669202590765323,0.006631325064698768,0.004643923862268862,0.0006169376417268779,0.010076349474716917
2025-10-09,0.0014064441301040453,-0.0026690016371482272,0.027624309392265234,0.005231695785425039,-0.018661220754212837,0.004339514375028886,-0.02898554184531832,0.0,0.008014827400903313,-0.01692867595415437
2025-10-10,0.0042135141494068495,0.016503126490311493,-0.018279537077872998,0.011152472312083272,-0.023150118269016917,-0.008641412208515553,-0.016282209962338312,0.006933763179640451,0.009785888259050024,-0.02613776047977623
2025-10-13,0.008391669879041386,-0.00482663945730144,0.007119319548279712,-0.0025736048084751273,0.028776992354058173,-0.016949178436390877,-0.0034482890161974256,0.006886017167351266,-0.006662591415141583,0.017050761990664354
2025-10-14,0.0,0.012345563042778451,-0.010331669165545843,0.01216363080619498,-0.008227020155677667,0.006403916683213717,-0.006228384344350246,-0.0007598973232257888,0.014634138868351076,0.010866222163331996
2025-10-15,-0.025658816429936726,0.005226581001729347,0.021428537892771216,0.006555007946906555,-0.004562447431226246,-0.020068405624399044,0.0,0.0,0.012019205362393315,-0.009213710895509819
2025-10-16,0.02846977613467394,0.014298064245746644,0.015061878126348738,-0.006874063817162712,0.008333365122477288,0.0014984863614952992,-0.0013927231592972822,0.007604600256386096,-0.0029690001722639803,0.000929931734316547
2025-10-17,-0.028373766678622236,0.01495086348670216,-0.012718568814511721,0.010928944923719763,-0.02355378447118761,-0.016957656844210023,-0.0027893975890794787,0.00528299953784761,0.002977841383845492,-0.06782285161373314
2025-10-20,0.009971546531681419,-0.010521877057280027,0.008051529658769097,0.011171175408185796,-0.007194248088514543,0.008625058953149578,0.014685317157060895,0.000750769428135456,0.0005939148005977835,0.04651159781025016
2025-10-21,-0.012693919410497134,-0.010208447524626352,-0.006922273858534167,0.002138327897211134,-0.02557538352668609,-0.006036217795053478,0.006202629301738316,-0.006001499813365729,0.010682515180856944,-0.007301592724160311
2025-10-22,-0.0021428727111704182,0.013321914508723776,0.00697052574669077,0.009957268078762072,-0.005249380403737125,-0.0020243121324002855,0.018493116235259732,-0.0015094714853544078,-0.011744068839524613,0.0003198429623998411
2025-10-23,0.014316350156113211,0.009754003878634121,0.014376980321443744,-0.0010563294989511807,0.001319291422491986,0.0070994024638828535,-0.010087398768304223,-0.0015116779897285104,-0.007724216620271673,-0.009910560557276571
2025-10-24,0.016937315268883646,0.0020999563150214673,0.004199491085342899,-0.0010574465108941222,-0.006587598397659655,0.0035246781233877478,0.0,0.00454205097632987,0.0005986622046485479,0.001937332893835686
2025-10-27,0.01040940643271182,0.006705828435469741,-0.006795624835437608,0.008468596456623567,0.020778041375635103,0.018564953654586436,0.00611414068989391,0.005275112236790669,0.0,0.012568550182519234
2025-10-28,-0.0006868532579402675,0.0058284216062662875,0.03052633185135689,-0.0003499151242628562,-0.011260295676208343,-0.003940807434563598,-0.00270087513299766,0.0007495689305250242,-0.0011968393632925123,0.018459617025846642
2025-10-29,-0.0034364159766364644,-0.04263248253191332,-0.008171634722051957,-0.021351055730073676,0.0008760603517525833,-0.006429313140836945,-0.016926201235734628,-0.004494344051338084,-0.023966396464560447,0.0037499496905082363
2025-10-30,0.0013792851109117876,0.029399095449529122,0.0015448149148928891,0.008226087857553965,-0.006126971319904473,0.003982060765216788,-0.004820981149563752,-0.006019637668146838,-0.0018416641059986194,-0.001867970051537493
2025-10-31,-0.019283816667830078,-0.010919823012283336,-0.01285347043701801,-0.023412576367904392,-0.010568022051672288,-0.05007436712744362,-0.006228384344350246,-0.005298920948380692,-0.0399754340376931,0.011540832911676402
2025-11-03,0.030196671937597452,0.005520233288447418,0.011979182561238533,-0.0036323953375799745,-0.00044504802792288967,0.02870564444449797,-0.006963748620210541,0.017912605282028204,-0.008327965171971652,0.010175777349691328
2025-11-04,-0.0027266033009606394,0.003378358778019397,0.02470408119591827,0.013124281515147107,-0.011130899830393726,-0.0035515021056301554,-0.005610092736466066,0.022953403142416118,0.0071059656139755845,0.005494506311179981
2025-11-05,0.00956930778317755,-0.0016835338490025498,-0.004520387381633295,0.0122346121365835,-0.032417800226648974,0.0050916398170508526,0.011988721624490717,0.0037397033959416515,-0.016677358910420104,-0.005160928109689045
2025-11-06,0.016926256725846356,-0.05396284204452528,-0.011604455535680125,0.01279769129109698,-0.030246608908942485,0.007092209480190403,-0.020905936080828025,0.0074516129196369185,0.0006522891168763145,0.014952699167178674
2025-11-07,0.005326236448840893,-0.021390427474041185,-0.005104645386198481,0.007020065500374262,-0.00479848276091821,-0.014084467498192588,0.008540917005696258,0.007396352805314699,-0.0032594455540871925,-0.029464819748640902
2025-11-10,0.027152380086812533,0.02231340644048574,0.018471042669337745,-0.011850814372683427,0.034233413676793445,0.004591790493708503,0.011997182454384747,-0.016152692722952722,-0.0006540587763039785,0.022614672128359325
2025-11-11,0.007092117948811261,0.014699301073905158,-0.017128432727881004,-0.001058261804985361,-0.02004663356090508,0.0030472631757203494,0.009065558790629202,-0.012686554725279131,-0.0045810917364284,0.02302336196902166
2025-11-12,0.008962900798084261,0.003950865642686097,0.03126596952277927,-0.00353106815280102,0.03092291172097461,0.020253186176616866,0.013130585824260965,0.012849571517532743,0.0026298050502067127,0.015398195802057257
2025-11-13,-0.01269031779501062,0.013992047353359016,-0.01540750940231883,0.006024094287651938,0.008767906478480914,0.02084358286242205,-0.00954975382712242,0.011940346742149277,-0.010491755993137009,-0.052201773983590494
2025-11-14,0.001285323484081058,-0.006468300083584122,-0.07622415768945123,-0.007396911188464195,-0.02470269443961648,-0.016042797467195613,-0.022038611460747926,0.014011738462413659,-0.0006627275288203505,-0.0209231215014265
2025-11-17,-0.001283673548323483,-0.007812476369987609,-0.009289600810066578,0.006742339016769128,-0.0070356294876818826,-0.0054346884484244296,0.005633797519761785,0.001454640015787101,0.0,-0.005656744155512539
2025-11-18,-0.010282883507889529,-0.018372705469525186,-0.00827357956288488,-0.010574534390636714,-0.02550783720270433,-0.01241931043761313,-0.026610652769378795,-0.012345736726326773,-0.0006631670278659518,-0.025600547008462815
2025-11-19,-0.0012986776349152018,0.004901921204229609,-0.01612908290351156,-0.007481306187520964,-0.0077556885080437565,-0.0015090391899137412,-0.002877695176315198,-0.011764753130662386,0.004645057403072972,0.009082073094708987
2025-11-20,0.018205528276962202,0.004434586276428343,-0.015828083038867735,0.010050193469134383,-0.008793278156571271,0.013602061859829373,-0.012986966519493937,0.004464358284237413,-0.008586558515899512,0.0025715120849485462
2025-11-21,-0.07662832022697663,0.020750640947032384,-0.028719125931719547,-0.0007106332144264371,0.0,-0.02137183514627239,0.009502932130179387,-0.021481540135677712,0.0019986504844111685,-0.008015334389097295
2025-11-24,0.04564305848554362,0.015138308887365337,0.010644516428147677,0.0021336953099033718,0.01527843528607975,0.009141666278433158,0.018826883946954753,-0.001514029134539574,0.011968111592720376,0.011312170194818227
2025-11-25,0.03571434366445825,-0.007243300619244941,-0.00994732012262034,-0.006032644817199118,0.002912595380160976,0.009058975397254976,0.0163468728428795,0.0015163248946075125,0.0,-0.004474316796008182
2025-11-26,0.020434244838074767,0.004291842192763573,0.023640662364926568,0.013566520030286355,0.014520776344445485,0.014306368176305595,0.006992966885427165,0.012869099976646536,0.002628140750098762,0.021829903035003984
2025-11-27,-0.005006357980599452,0.00384618493630029,0.005773672157158405,0.00035225694374729777,0.010496241904232928,0.0035035478485976324,0.012500021523900173,-0.003736981251018734,0.009174254411750127,-0.0015708495843256287
2025-11-28,0.0018868062816521647,-0.0012772060008339192,-0.007462704216602667,0.003168988496853542,-0.0056657619218293265,-0.0054863619824058185,0.0,-0.005251251790166167,-0.0012986484104576812,-0.012586568280156363
2025-12-01,-0.02573756569366703,-0.0004261383286940923,-0.01677266627447427,0.0010530615674679833,-0.0023741328740963796,0.01003008091644575,0.008230444868793985,0.0015082464782940619,-0.006501999607561593,0.00987890123845303
2025-12-02,0.03414950255163407,-0.002132279259043801,0.013529429716222507,0.005960726920472004,-0.007139439166881756,0.005461845449827418,-0.014966004753969253,0.01807236215847774,0.0006544868491715761,0.008204473878278717
2025-12-03,0.014953188527322414,-0.005555534283349983,-0.008705745638027729,-0.024050202258959152,-0.006711471375873135,-0.022222258851686716,0.0006906235633963309,0.0051774541777738214,-0.003270104280947095,0.009076739079661333
2025-12-04,0.007366536589783035,-0.006875766120248095,0.024590145627628957,-0.0007143267295081079,0.03571427585140974,0.011111148573064833,-0.004830896889573721,0.0044150108790972364,-0.014435677647478773,0.019851127681008274
2025-12-05,-0.010359581225039105,-0.0017308854758634196,-0.005142822265625013,-0.006433184975546236,0.0018639756399749796,0.0024974404540099027,0.004160850598122989,-0.020512795962134844,0.011983982840227947,-0.012469592027244847
2025-12-08,0.027709373966408934,0.009969632386689353,0.014933892898203904,0.005395781495347807,0.006511599518532085,0.003487777572924955,0.005524922645682384,-0.01196713840688668,-0.004605266211139103,0.01447488094872118
2025-12-09,0.013181581065768055,-0.004291756738753705,-0.0005658791536700125,-0.010733505933554488,-0.008779973755446147,0.021350538300395128,-0.01167582907929754,-0.007569998005757972,-0.0052874844112873465,0.010018154824443348
2025-12-10,0.020106441224737814,-0.0064655975148597555,0.0011324855114951404,-0.012296559619071279,-0.0018648444804000297,-0.017014996958047757,0.004169524983383521,-0.00228836663265497,-0.009302331554235765,-0.01172218937336078
2025-12-11,-0.009855025776918769,0.010412260343911406,-0.0022624951830817475,-0.01684360680066188,-0.00046708215567992095,0.011869400863094182,0.01660898091945162,-0.06651372418424506,-0.013413787889520967,0.010948832414556575
2025-12-12,-0.008782265004723122,0.013310387631890741,0.014172336091275994,0.002234618713698344,0.008411229363757489,0.002443848695794504,0.02722944749016487,0.0016379483189561395,0.014276011561548119,-0.0138386860927866
2025-12-15,0.022445406486182762,0.00932195853933826,0.017328150974165846,0.0018580059253427983,0.0069508627924272925,0.018527482302274745,0.0033134652239408258,0.0016353495812935215,0.008042826333889641,0.021964541196800136
2025-12-16,-0.015020210519639421,-0.014693523545129317,0.012637379405262772,-0.0029673837127072167,-0.005522270336523749,-0.0019147671264488908,0.002642005346497056,0.002449019369140437,-0.003324461164482817,-0.0032835625647268385
2025-12-17,-0.022873886368110496,0.0,-0.014107466415968828,0.0026042432163539964,-0.012031477165127535,0.01486805675940106,0.0032937573159006472,0.007328950127397871,0.008672481757038497,0.004791911433746021
2025-12-18,0.021008432751791206,0.006817174209265309,-0.0016510900208945856,0.002968484629511492,0.011241206877282695,0.003780782447885045,0.009192406272534814,0.01778501595276416,-0.007936503878680945,0.0038748101636192356
2025-12-19,-0.0017637712938695094,-0.0021158684657994753,0.028114698319261944,0.007243561426184764,0.015284850457330856,0.016007494694513236,0.009759308609073036,-0.01509143174192018,0.0033333262469066316,0.015142459521267027
2025-12-22,-0.0029446321914364804,0.011026250569015295,-0.005898156051022063,-0.0049204829822557805,0.008211692725788255,-0.006487460154930069,0.023195853483184647,0.008871033521576699,0.003986676832938629,-0.01199174544760584
2025-12-23,-0.0005907019598860863,0.001677800920723449,-0.006472475662065991,0.0034232880222573314,-0.012669714109158181,0.005130558633398952,-0.016372810264994708,0.01119099474945795,0.004632760665534086,0.01239416211799882
2025-12-24,-0.004728136886781087,-0.0008374536207111927,0.0010857597804325714,-0.003411609101682922,0.007332715382670774,-0.0032482457426240563,-0.004481414554230234,0.003162106777927942,-0.0006587983058017333,0.0
2025-12-29,0.004156830479587148,-0.0008382389854812988,0.008134490507857972,0.00038030890776030724,-0.0036396690342203053,-0.005121004643501514,0.00836013587436324,0.0070921598795343765,-0.0026368030282530874,-0.005076130206587703
2025-12-30,0.011235976452064422,-0.0004194293505835889,0.001075912929521694,0.007224355116705716,-0.011872156776744469,0.007487146371820463,0.014668337867340897,0.010954642027651174,0.003965597341331728,0.012905156846437782
2025-12-31,-0.007602424289378851,-0.00041968889881505156,-0.0010747565850158791,-0.007172538153993213,-0.01109056274895126,-0.005573656885673239,-0.004399729446609935,0.0030960254814402788,-0.0013166020876820284,-0.0029629601372612724
2026-01-05,0.019859808480277463,0.02785988489734681,0.005243838573691262,0.0059857781575825,0.009379231690304524,0.007988702903227951,0.02084648927962829,-0.010852662773118915,0.01592566428602482,-0.0034823225705036265
2026-01-06,0.016609396871643867,0.026283378772439248,0.007303125600212956,0.0018594698975125112,0.008407103134980609,-0.0009324445118266134,0.0012376521010224462,0.0,0.004572154990572619,-0.009609782243439668
2026-01-07,0.04338022338529246,-0.004801932724340152,0.01812532309358783,0.01818855832978561,0.017112741289216915,-0.019598609006081458,-0.010506803033839551,-0.004702194117751413,0.0013003578634942503,-0.03146136777814634
2026-01-08,-0.0021597878728316644,0.017289877388163122,-0.018820000468784737,0.01604085049808024,-0.011647991984857109,0.018562604960626894,0.011867615948865318,0.01102364708232395,0.0019480965836784492,0.011536159030263171
2026-01-09,-0.008116859409994293,-0.0007904502528669477,-0.00725761503774669,-0.007535019214124472,-0.005674341406915695,-0.010280408087915416,-0.003703788300324029,-0.004672972802368558,-0.011665606067123857,-0.00960386094987764
2026-01-12,0.0152755600408494,-0.0027690794996281243,-0.018276762402088753,-0.002892260453629003,-0.02677790131539226,-0.0056657619218293265,-0.011152376599029457,-0.006259730029204547,-0.0019671956046682926,0.009696989488558128
2026-01-13,0.0075227816643257395,-0.025783399728941614,0.006382962490649957,-0.014865839323650598,-0.01578711683650269,-0.012820489598111884,-0.008771951315045823,-0.0015747518700226504,-0.017739845796755693,-0.0006002681421904965
2026-01-14,0.003733305986341584,0.00244304348333646,-0.005285412347409091,0.023187308023465247,0.07011918918625959,0.017316023769839317,-0.0075853279313489175,0.021293334750704496,-0.001337759487927248,-0.023123094441252823
2026-01-15,0.004250800920701403,0.0207148165260147,-0.011158293723586454,0.0032374156495627027,-0.03982870620909362,0.0023640075649142833,-0.015286609811073437,0.005405417618784325,-0.006697949057312469,0.0003073862632347879
2026-01-16,0.021693171916604692,0.015519319284121424,-0.0005373782925079951,-0.0035854598891891243,-0.028545913803325496,0.0028302086252649516,0.005821484629095597,-0.013056822174229321,0.008091698326124774,-0.004302378360912518
2026-01-19,-0.005696545140423281,-0.00431031018925776,-0.015053779848160254,-0.009715741233128683,-0.02708907869546817,0.007525885686922473,-0.014147926966579183,-0.003891113490721576,-0.010033419427692092,-0.00895063079742553
2026-01-20,-0.02447915822286273,-0.003935533570199268,-0.04093886531078328,-0.017805223945042803,-0.02218033076250825,-0.08870212024466506,-0.03196345554838764,0.0054687625608378365,-0.020945974028484526,-0.0158828652701124
2026-01-21,-0.005826609970222663,-0.004345994840660228,0.005122419868559103,0.002589703775287111,0.0168919108623784,-0.012295106745749518,0.0006738698638149021,0.0031079777289004795,0.0020704407949891923,0.015189828339382094
2026-01-22,0.026983269927974174,0.01587300207743736,0.02717999788830805,0.01033205813119964,0.03369724737090052,0.01659754423913684,0.030976432749521887,0.003873029601384248,-0.004132260173905,0.0068578786676831704
2026-01-23,-0.008933247088702467,-0.008203164647783256,-0.002205038092297995,-0.0036522453318545978,0.000918207060815357,-0.023979617158157662,-0.011103858369339026,-0.0023148522694681484,0.0,-0.01176473888146401
2026-01-26,0.007953340145581356,0.003150828536395034,0.0005525199089260191,0.00366563312331758,0.007339442798699913,0.0005227635841729139,-0.020475588678135037,0.0030936309913454085,-0.007607168491497673,0.014411029160116717
2026-01-27,0.013676963499468675,0.01609732534932018,0.01104362193591979,0.0025566692592584594,-0.007741264846659934,0.010449310641465592,-0.007417374055505466,0.009252119465847475,0.002090573670641138,0.018530013203588824
2026-01-28,-0.026465962249581088,-0.01777429894689031,-0.004915396642666492,0.005464466825545244,0.007342810495161389,0.0010341128412689748,0.005434777327093299,0.0022917883668529537,0.009735767886549729,-0.03183748210324511
2026-01-29,0.0021321635579460985,0.0039339071638953005,-0.008232711444150609,0.0039854601986448746,-0.020045581720458006,-0.007231373471437985,-0.0013513822639132922,0.0030487555567251245,-0.00826452034781,-0.00407140968546893
2026-01-30,0.006914909849775608,0.027821341286203838,0.003873807194599399,0.0021653329221738016,0.003254286103178572,0.00364202356833343,0.01894456642112674,0.006079051910106603,0.013194481881313447,0.03930817527543895
